Tipo,Idioma,Variante,Texto,Caracteres
Título,EN,Title #6,Fire & Life Safety Career,25
Título,EN,Title #7,Fast-Track 2–3 Months,21
Título,EN,Title #8,Broward County Training,23
Título,EN,Title #9,Hands-On Lab Included,21
Título,EN,Title #10,Certificate Upon Completion,27
Título,EN,Title #11,Start Your Career in Florida,28
Título,ES,Título ES #1,Curso Alarmas Incendio Florida,30
Título,ES,Título ES #2,Conviértete en Técnico Ahora,28
Título,ES,Título ES #3,Sin Experiencia Necesaria,25
Título,ES,Título ES #4,Hollywood FL – Inscripciones,28
Título,ES,Título ES #5,94% Colocación Laboral,22
Descripción,ES,Desc ES #1,"Formación práctica en alarmas contra incendio en Hollywood, FL. Aprende configuración de paneles, cableado y seguridad OSHA. Sin experiencia previa.",148
Descripción,ES,Desc ES #2,Programa fast-track: 2–3 meses. Certificado de Asistencia + apoyo de colocación laboral en South Florida. Inscríbete hoy.,121
Descripción,ES,Desc ES #3,Sin experiencia necesaria. 94% de colocación laboral. Inicia tu carrera en Fire & Life Safety en Florida hoy mismo.,115
Descripción,ES,Desc ES #4,"Aprende configuración de paneles, cableado y normativa NFPA 72. Laboratorios presenciales en Hollywood FL. Cupos limitados.",123
